ID,createdAt,createdBy,modifiedAt,modifiedBy,NAMEFIRST,NAMELAST,GENDER,PHONE
693c8d99-52fd-4b1a-92d2-49a44a120301,,rheckle0,,rheckle0,Roshelle,Heckle,F,1295136961
5a9ec25a-6a8a-4e27-811e-7c5cef512fe4,,fashness1,,fashness1,Fair,Ashness,M,1295136961
038db994-5f11-42b4-a818-be23b8ecac59,,lcawsey2,,lcawsey2,Lora,Cawsey,F,1295136961
0422085d-fc65-462a-9c51-d5f46f1ce9c8,,lgorch3,,lgorch3,Laurena,Gorch,F,1295136961
f608a7ab-d536-4b29-800b-b21705945bf1,,bartist4,,bartist4,Barbe,Artist,F,1295136961
2af10cdc-1efc-4f1d-a42f-3a767b32a270,,kfrancom5,,kfrancom5,Kain,Francom,M,1295136961
ef33b135-ba2c-46d3-9a07-f8089eda7177,,gsandal6,,gsandal6,Gonzales,Sandal,M,1295136961
9c77ade0-10c5-47d2-8f1e-b67ee75514a6,,zjerdon7,,zjerdon7,Zaria,Jerdon,F,1295136961
e20d5965-1434-4224-879b-d81af3959c5c,,maspinwall8,,maspinwall8,Manda,Aspinwall,F,1295136961
67f5fcbb-4898-4329-b674-d96939add772,,oportinari9,,oportinari9,Orelee,Portinari,F,1295136961
3b7e11b9-f207-4bd7-bbb1-7c5d536ec71c,,glevea,,glevea,Gardy,Leve,M,1295136961
514b64e4-9328-406c-9e3f-1783a6789013,,tlorkinsb,,tlorkinsb,Trueman,Lorkins,M,1295136961
15a70136-cead-415a-830a-0a5203e796e3,,bjerramc,,bjerramc,Bailey,Jerram,M,1295136961
8875153a-389a-4c2d-86d1-dab44dc079c5,,ocussd,,ocussd,Olivie,Cuss,F,1295136961
d0fa57c8-e7ee-4219-bd1c-192a4d0518c1,,jtompkine,,jtompkine,Jaclyn,Tompkin,F,1295136961
e7c06c49-7905-48cf-aeec-732ebfab4407,,halvyf,,halvyf,Hatti,Alvy,F,1295136961
c92c52b7-afed-45e0-942d-27bcd9dfeb61,,hshillingfordg,,hshillingfordg,Haley,Shillingford,M,1295136961
f4b7e40f-1a3d-41d0-8d89-e707ac5bdfe1,,kchrichtonh,,kchrichtonh,Kalli,Chrichton,F,1295136961
212a3be3-cee9-48c5-b37f-e8358ee50f7c,,sbarizereti,,sbarizereti,Seumas,Barizeret,M,1295136961
b8507b1c-a586-4301-8445-6507f98df001,,dferronj,,dferronj,Dave,Ferron,M,1295136961
b7f8f8b2-5cdc-4251-8eec-ffa9baabaa17,,hreaderk,,hreaderk,Hilliary,Reader,F,1295136961
e036f2f3-1cd7-4030-90f9-9756f348bbbf,,emckyrrellyl,,emckyrrellyl,Evelyn,McKyrrelly,M,1295136961
7399e272-8ce1-49f0-a424-67828edf6b11,,mlipprosem,,mlipprosem,Mitchell,Lipprose,M,1295136961
011061fd-8a02-4a68-b01a-ff18b365f354,,mwallbankn,,mwallbankn,Melinde,Wallbank,F,1295136961
aaee2421-ca0f-49a2-b9fe-83cc18c99855,,mmcnairo,,mmcnairo,Marshall,McNair,M,1295136961
8c7b1f05-be9f-4145-8322-606f2f3eefd8,,tdoveyp,,tdoveyp,Tyrus,Dovey,M,1295136961
5745d7c6-5fd2-4ebb-a967-004beafd898e,,bnurdenq,,bnurdenq,Bonnie,Nurden,F,1295136961
9957b4f7-3b9b-4032-b048-3ddb9b0446a8,,rneamesr,,rneamesr,Rickie,Neames,F,1295136961
776dda58-0a26-4aa3-b864-1d39d78502da,,ncoshs,,ncoshs,Nada,Cosh,F,1295136961
d4ed8e33-45ba-481a-9387-ba898f89f154,,mjedrysikt,,mjedrysikt,Marney,Jedrysik,F,1295136961
be4ab789-0f7f-4cd2-8418-97d2cc02e5cd,,sprynneu,,sprynneu,Sande,Prynne,F,1295136961
bec18ce6-fb68-45d4-ae30-d0ddb20340ca,,omccluinv,,omccluinv,Otis,McCluin,M,1295136961
58e07715-99a5-4576-9196-a14bcf4d6410,,dwitterw,,dwitterw,Deeanne,Witter,F,1295136961
ac1c51ba-b841-4ebf-b0ef-364aed3a521c,,mewanx,,mewanx,Malchy,Ewan,M,1295136961
a37b0b94-2f7f-4ff8-a480-32c2dd55df2e,,lwiersmay,,lwiersmay,Lillis,Wiersma,F,1295136961
259c3047-bb40-4abd-b6ea-58495c766a3c,,arossboroughz,,arossboroughz,Alena,Rossborough,F,1295136961
c17cfc4e-1e21-461d-b237-9cb815311b3e,,rgradwell10,,rgradwell10,Renata,Gradwell,F,1295136961
abe1eb20-df66-4a52-8df8-c29caef4af3d,,fjado11,,fjado11,Francisco,Jado,M,1295136961
ecc77784-9cc2-47df-8ab6-811231536c83,,csmoote12,,csmoote12,Christoforo,Smoote,M,1295136961
ac5c1f16-5dc8-45e7-990c-f5cc2e54ea02,,jbowe13,,jbowe13,Jimmy,Bowe,M,1295136961
f798f63b-0a78-454c-af32-48446598df17,,orylett14,,orylett14,Obed,Rylett,M,1295136961
dee020da-456a-42c3-92bb-8b6a9ae7309e,,tshevlane15,,tshevlane15,Trev,Shevlane,M,1295136961
cb98ace1-ebda-4091-b8c2-bf3532c0adb9,,asterry16,,asterry16,Aimil,Sterry,F,1295136961
13d6c580-aabc-44ab-803e-d9f71d76833b,,sellaway17,,sellaway17,Stephanus,Ellaway,M,1295136961
e1ca9a92-9b8c-4fbb-88ec-628f02726372,,tgiacubbo18,,tgiacubbo18,Tan,Giacubbo,M,1295136961
db77d1f1-4b81-43f0-b36a-641919914d11,,adunton19,,adunton19,Angelo,Dunton,M,1295136961
cf1b7afe-a8bb-4f55-baa7-a221e27caadd,,mhallowes1a,,mhallowes1a,May,Hallowes,F,1295136961
a5ce3721-ab3e-4fe0-9663-3d2f444a90f7,,ybrushfield1b,,ybrushfield1b,Yank,Brushfield,M,1295136961
5a9fad00-addf-4907-94fd-2c7b3760fb28,,vcaret1c,,vcaret1c,Vaughan,Caret,M,1295136961
bd9b2589-1a96-47c3-b0e3-633952e3aa0b,,gveighey1d,,gveighey1d,Gabrielle,Veighey,F,1295136961
f21764e2-fd00-4cac-9646-57c4b77ff4ce,,bharsum1e,,bharsum1e,Bria,Harsum,F,1295136961
5fa5f946-0284-49bd-9c71-9c76ae07c020,,jmayler1f,,jmayler1f,Joane,Mayler,F,1295136961
096c4dc2-55d7-46f1-890d-d56656964355,,bpavlenko1g,,bpavlenko1g,Bathsheba,Pavlenko,F,1295136961
0e596d49-ed33-4fec-bdbb-40a268374b31,,scoffelt1h,,scoffelt1h,Shana,Coffelt,F,1295136961
3bcb05c8-6ed3-4ae9-b1d1-a0b0972784b9,,fsherland1i,,fsherland1i,Foss,Sherland,M,1295136961
b5066c1a-aeeb-4b6d-9981-d61950a02689,,lcorrington1j,,lcorrington1j,Luigi,Corrington,M,1295136961
80619886-3fd9-4081-9858-e468f20f90eb,,frosenstengel1k,,frosenstengel1k,Fairfax,Rosenstengel,M,1295136961
ea588d54-6af4-42e7-8948-dbe56ef32981,,sleipelt1l,,sleipelt1l,Salomi,Leipelt,F,1295136961
465114ef-bfc4-4469-9749-a04e184104a4,,tgetcliff1m,,tgetcliff1m,Tommy,Getcliff,F,1295136961
95483ca1-ab70-4cbd-af2e-7f7bdfcdcd73,,hhallgalley1n,,hhallgalley1n,Haydon,Hallgalley,M,1295136961
d232eb32-fb80-43ec-9833-413a9ffffa60,,mdargie1o,,mdargie1o,Matty,Dargie,M,1295136961
0c7976c9-4f56-482a-9f83-6d2d8aa33666,,mmenault1p,,mmenault1p,Magdalen,Menault,F,1295136961
0bdb537b-23ca-4433-a763-ca81fe93a13d,,krannie1q,,krannie1q,Kay,Rannie,F,1295136961
aab36aa1-8317-418f-9446-71cf45bbbb8f,,gsansun1r,,gsansun1r,Giovanna,Sansun,F,1295136961
68f0dd49-0553-46fa-be4f-5590b3b1bd2d,,wbalsillie1s,,wbalsillie1s,Woodrow,Balsillie,M,1295136961
5897efdd-4605-44c6-942a-4f269c5c1fe7,,mfilpi1t,,mfilpi1t,Maje,Filpi,M,1295136961
74297263-abee-435c-bf87-9dea9ef62b6d,,selmes1u,,selmes1u,Selestina,Elmes,F,1295136961
dfea96c1-ddad-44a7-959a-2f41391f07d5,,bbosher1v,,bbosher1v,Berty,Bosher,M,1295136961
9c82baad-f56f-4712-bcef-4e1e2c33847d,,abrearty1w,,abrearty1w,Alan,Brearty,M,1295136961
b03f1ccb-d293-4e72-84b0-1290dfa4d23f,,apochet1x,,apochet1x,Arda,Pochet,F,1295136961
811e5157-935f-4790-ba47-c56b8e352964,,rwolpert1y,,rwolpert1y,Rockey,Wolpert,M,1295136961
183ce6ce-4766-45b9-9e3b-8c867a56c96c,,dmicka1z,,dmicka1z,Daisy,Micka,F,1295136961
46609701-f06b-40ab-8f51-869538dacbc3,,cgermain20,,cgermain20,Clayson,Germain,M,1295136961
bc8c4ac0-7a12-4a13-a7bf-46948030beb2,,aisacsson21,,aisacsson21,Ailis,Isacsson,F,1295136961
4a46ede8-eec9-4ae1-82db-616407b52a31,,tdog22,,tdog22,Tadd,Dog,M,1295136961
151a9a77-c9d4-4a1b-a9bb-dd5e658a76db,,bmeletti23,,bmeletti23,Bernice,Meletti,F,1295136961
41cf263b-3774-43ed-9f7b-d8760d322905,,ntaft24,,ntaft24,Netty,Taft,F,1295136961
8f972b9c-ced0-4bc1-82b5-d0037321450d,,wtiesman25,,wtiesman25,Wang,Tiesman,M,1295136961
39888de8-a208-451a-ac91-37f9003ac510,,kflaws26,,kflaws26,Krystyna,Flaws,F,1295136961
5993f74a-011f-40a9-a04f-158da3b5c8d0,,mdring27,,mdring27,Marie-ann,Dring,F,1295136961
74190e80-4b49-490a-a269-caca111fdfab,,sdeminico28,,sdeminico28,Shaughn,De Minico,M,1295136961
28b46f22-cf7f-45f9-b55d-4822d9906d9d,,iklimentov29,,iklimentov29,Isaiah,Klimentov,M,1295136961
3d02c5d5-a31c-4b55-8f8e-69a5738cde04,,tepple2a,,tepple2a,Tera,Epple,F,1295136961
ae9300e9-d353-4d4a-8d67-0afc122f948b,,mflacke2b,,mflacke2b,Marc,Flacke,M,1295136961
6f935775-3bb9-454b-82f0-3cd1274525dc,,jekell2c,,jekell2c,Jodie,Ekell,F,1295136961
7df5712c-1f31-4890-bdae-9615b36d1e86,,lhartley2d,,lhartley2d,Levi,Hartley,M,1295136961
1baf42f3-1597-4ff5-9da9-2670b979d410,,thelian2e,,thelian2e,Tomlin,Helian,M,1295136961
99d99357-88ab-4967-bd2b-aeed30062dce,,sdruery2f,,sdruery2f,Stephani,Druery,F,1295136961
964b403e-2b04-4a6c-9779-cd6b8639320c,,pdanelut2g,,pdanelut2g,Pia,Danelut,F,1295136961
7dfd3b53-231d-4bc5-a949-2d6fd8325cb0,,ttollemache2h,,ttollemache2h,Tracey,Tollemache,M,1295136961
bc563d08-a695-4c63-b659-8f7d4ba07216,,bfearnall2i,,bfearnall2i,Bobbette,Fearnall,F,1295136961
f7ed7e6b-ac44-48b6-be29-17995edf6115,,ggresham2j,,ggresham2j,Galvin,Gresham,M,1295136961
82dd9d0d-9972-4772-859a-20aee5885b77,,medgcombe2k,,medgcombe2k,Michaella,Edgcombe,F,1295136961
70e5ca09-23d6-4e6d-901b-985214e3cb42,,shoxey2l,,shoxey2l,Salem,Hoxey,M,1295136961
8d981f66-1623-4d15-b4b9-92951e0def34,,tletch2m,,tletch2m,Tab,Letch,M,1295136961
477b9c62-34c3-4891-a84c-5452d406f442,,bmuggeridge2n,,bmuggeridge2n,Burlie,Muggeridge,M,1295136961
523c8cc3-5914-4253-b217-1ad60579246e,,kdannell2o,,kdannell2o,Kayle,Dannell,F,1295136961
985364e7-b1e6-419e-9da4-ec6b67671879,,rbruty2p,,rbruty2p,Ringo,Bruty,M,1295136961
5c829e9c-9638-491a-99e9-f8fb45dc5932,,zdymott2q,,zdymott2q,Zorine,Dymott,F,1295136961
abf613d4-f534-40cc-8d4a-880516768fd1,,rnowlan2r,,rnowlan2r,Riobard,Nowlan,M,1295136961
4cc43eec-ff9e-443f-a74c-0b2c01ca83df,,sbarajas2s,,sbarajas2s,See,Barajas,M,1295136961
42d6c5ed-0a8e-45a1-ad25-ea2a0a5ef692,,pbettison2t,,pbettison2t,Pietrek,Bettison,M,1295136961
436ac872-0883-42ae-b63c-55d1f6b08971,,gbarby2u,,gbarby2u,Goraud,Barby,M,1295136961
496c21cc-ca70-4a59-87e1-d34ff4f4d4b8,,ryearns2v,,ryearns2v,Roanna,Yearns,F,1295136961
c46d1ca8-4845-46f9-8bcb-ce708b2395fb,,kogden2w,,kogden2w,Kit,Ogden,F,1295136961
1ac658b0-00e4-437d-a9bf-84a2881d9c3c,,mabilowitz2x,,mabilowitz2x,Mariette,Abilowitz,F,1295136961
4e8509e7-8bf9-442f-9556-8a4a80389ca6,,sbaal2y,,sbaal2y,Sheffie,Baal,M,1295136961
07bb66c4-14b7-4d19-9f64-a19d906b3d23,,rdron2z,,rdron2z,Robinia,Dron,F,1295136961
53074ab6-91f5-4a74-9ed3-ffcd7aab02c3,,jjohnston30,,jjohnston30,Jessee,Johnston,M,1295136961
3f1189c0-45a0-404c-9baf-b4bbf0abde9d,,tcarrane31,,tcarrane31,Tamqrah,Carrane,F,1295136961
f42c01bc-7ee0-4eee-a0cd-e44dea4384e4,,cstanway32,,cstanway32,Carri,Stanway,F,1295136961
cca790af-6ba6-447f-918e-5e66f3bea6b7,,coiseau33,,coiseau33,Chrystal,Oiseau,F,1295136961
96e161d8-548c-4909-b40b-c13db03a6377,,bbirchenough34,,bbirchenough34,Brose,Birchenough,M,1295136961
e37e9abe-2ff9-4d98-94a9-d5725887bf07,,lproom35,,lproom35,Lelia,Proom,F,1295136961
c36ff409-3fad-48a7-968f-da905d81c601,,ddrews36,,ddrews36,Dionne,Drews,F,1295136961
10414c3e-fff5-4e40-9c7f-587a41c89953,,rsinclaire37,,rsinclaire37,Randolf,Sinclaire,M,1295136961
92531009-b7d9-4ac1-87fe-951f27d163ed,,vwoollcott38,,vwoollcott38,Virgie,Woollcott,F,1295136961
819d87a8-8f9c-4574-a397-9a15c0013c77,,mdeshon39,,mdeshon39,Mahalia,Deshon,F,1295136961
3a797360-d264-4a0e-aebb-d98731f10c39,,amuris3a,,amuris3a,Ambur,Muris,F,1295136961
6c842e8e-e1a2-4f1d-86a0-46747e64c4fa,,amudge3b,,amudge3b,Andeee,Mudge,F,1295136961
bfdcb834-7374-40df-bc87-7942618b99f7,,kmathey3c,,kmathey3c,Kristy,Mathey,F,1295136961
0e9bd746-c4ac-481e-b731-3f80e07d69f6,,jspillard3d,,jspillard3d,Jerrome,Spillard,M,1295136961
8cedf9cb-1bd4-4063-9136-504311d7605b,,polennachain3e,,polennachain3e,Phil,O'Lennachain,M,1295136961
fdcdf976-ecf7-484d-a4ed-d798d46af5dc,,tcasey3f,,tcasey3f,Terri,Casey,M,1295136961
e7d16626-cc39-4847-b361-80c9b497dd5b,,mphilbrook3g,,mphilbrook3g,Merwyn,Philbrook,M,1295136961
c099899f-3fb2-4c9c-aa9e-bf9553cef438,,nbridgett3h,,nbridgett3h,Nonah,Bridgett,F,1295136961
bf87aebe-68a4-4852-8df9-18db1ff61337,,dbullimore3i,,dbullimore3i,Donny,Bullimore,M,1295136961
687ea73c-b0d3-431a-88bd-12e1b909db18,,dalliban3j,,dalliban3j,Dorene,Alliban,F,1295136961
a9bf21da-505f-414f-b8e8-25f91ad541dc,,aheyns3k,,aheyns3k,Aurthur,Heyns,M,1295136961
be6b79dd-63f1-4868-b485-be345ccc15c5,,cburley3l,,cburley3l,Claire,Burley,F,1295136961
9c92547c-06dc-4103-9f0a-dfd2df6b2f12,,uleyland3m,,uleyland3m,Urban,Leyland,M,1295136961
6d992b99-83e9-42a4-8c0c-0fc17c4515be,,icouronne3n,,icouronne3n,Irving,Couronne,M,1295136961
82f682f5-9f7d-47d1-a75e-e49b542c5ea0,,lcrosland3o,,lcrosland3o,Levi,Crosland,M,1295136961
2733f1fd-33ae-4ee3-82ff-88de907295d3,,hworboy3p,,hworboy3p,Heriberto,Worboy,M,1295136961
7dce6c03-4428-476a-9edd-357c2cb94e8b,,eclifford3q,,eclifford3q,Eldin,Clifford,M,1295136961
cfde094f-d1f6-4bcb-af49-e4a9fc185eab,,amccusker3r,,amccusker3r,Arlie,McCusker,F,1295136961
8a484b82-a1d8-4f7e-a5e0-1311bd4ac79d,,jcrose3s,,jcrose3s,Jeremiah,Crose,M,1295136961
53bb898f-3e6b-4825-9517-b88a9ea20511,,gvyel3t,,gvyel3t,Gratiana,Vyel,F,1295136961
ace1fa59-acd4-40fa-8301-a94c8182c5ba,,mbourgaize3u,,mbourgaize3u,Mariana,Bourgaize,F,1295136961
6687d55b-6c40-4287-8efa-61707cd17ae0,,velby3v,,velby3v,Valaree,Elby,F,1295136961
52a5ce04-bfcf-468c-a5e4-ce43d3e10490,,stowll3w,,stowll3w,Shurlocke,Towll,M,1295136961
ea991827-9d40-4814-bfbd-54e3fc977ccf,,teberst3x,,teberst3x,Townsend,Eberst,M,1295136961
56818e3c-83ae-4784-a4f7-51197d7dbe87,,ryggo3y,,ryggo3y,Rosy,Yggo,F,1295136961
8ed6b9c8-d313-4310-b2f2-c833e419c971,,vcormode3z,,vcormode3z,Valry,Cormode,F,1295136961
c7303de7-8dd2-4853-a64c-ace4d806d72b,,kteissier40,,kteissier40,Kai,Teissier,F,1295136961
55e1b8d1-07ae-4e05-8cb4-ecefd22ecd3e,,fayre41,,fayre41,Findley,Ayre,M,1295136961
5d196b87-8a04-4296-ac41-06da05a498c7,,dgallehock42,,dgallehock42,Darb,Gallehock,M,1295136961
5d5ce5c2-28b7-4a13-8227-f692f793671b,,rlefrank43,,rlefrank43,Robinet,Le Frank,M,1295136961
f4e3dddd-1819-407a-ac0c-aa486d674711,,gbrotherton44,,gbrotherton44,Gisella,Brotherton,F,1295136961
16831e3e-1378-41fc-85c7-7e47b099e972,,cvergo45,,cvergo45,Chantal,Vergo,F,1295136961
e8910945-5257-4bfd-8c0d-b0232cf90817,,gvelti46,,gvelti46,Gavra,Velti,F,1295136961
11a7c088-ee8a-42cb-ba61-1e093ad9a40c,,lsimko47,,lsimko47,Loren,Simko,F,1295136961
a0337166-f65b-4ceb-8944-f24a771a0cd2,,mdorken48,,mdorken48,Mendy,Dorken,M,1295136961
351d2708-6735-4df5-ad84-8973b343d55e,,oberan49,,oberan49,Odille,Beran,F,1295136961
465238c8-fcd9-4da2-8b6f-a854fbdd7b14,,cgarriock4a,,cgarriock4a,Carol,Garriock,F,1295136961
2fb5418e-4e33-45fd-a15d-046b81f4cf06,,bbeevers4b,,bbeevers4b,Bethanne,Beevers,F,1295136961
14c1e9aa-bee7-434d-929b-dbf05d02577d,,striplet4c,,striplet4c,Seth,Triplet,M,1295136961
25c81e53-4098-4ade-b468-7adf4a318dab,,clandsbury4d,,clandsbury4d,Cheryl,Landsbury,F,1295136961
c2c2044b-099a-4723-8948-6865c1716ebe,,csercombe4e,,csercombe4e,Corine,Sercombe,F,1295136961
5487efd6-e73e-4119-9af4-39a64158aa54,,dpendre4f,,dpendre4f,Dwain,Pendre,M,1295136961
e98fa901-3d51-4a37-ac92-ced752eea273,,cunger4g,,cunger4g,Culver,Unger,M,1295136961
1845b35e-b304-4ca2-a3c8-05dbe8bbf139,,vnisco4h,,vnisco4h,Vita,Nisco,F,1295136961
341bedb6-d54c-4525-869a-90031a6e0583,,fharroway4i,,fharroway4i,Flory,Harroway,M,1295136961
9e29adc2-2329-4279-936f-cb780e60ed97,,freschke4j,,freschke4j,Forrester,Reschke,M,1295136961
a12b395c-a845-48ad-bf14-04014b5a0483,,pfrancescozzi4k,,pfrancescozzi4k,Pauly,Francescozzi,F,1295136961
0144387f-5a91-4d58-8017-20cac0f6f49f,,kbassill4l,,kbassill4l,Karmen,Bassill,F,1295136961
e1d35bae-8425-47fa-b2ff-17444b0011d4,,astit4m,,astit4m,Ally,Stit,F,1295136961
5cb31695-6db8-4679-8a7b-bca86dde54ec,,kmoatt4n,,kmoatt4n,Kylila,Moatt,F,1295136961
9beef7a3-1977-4185-a284-7a50e2364272,,ekolis4o,,ekolis4o,Elvira,Kolis,F,1295136961
26273239-e6d2-4abc-a397-86a0019effdb,,aallsupp4p,,aallsupp4p,Alis,Allsupp,F,1295136961
ffc40faf-4614-49cf-8473-c842f4ff9eae,,bdebrett4q,,bdebrett4q,Brockie,De Brett,M,1295136961
8eb0c446-0174-4cbb-85b2-ddc72ebf3069,,csweetman4r,,csweetman4r,Cherye,Sweetman,F,1295136961
1f5def01-8a2d-4617-8375-3dbcb3189c45,,rtoleman4s,,rtoleman4s,Raul,Toleman,M,1295136961
e800833f-9d9e-4c13-bef4-98d27789b1a7,,bgrewe4t,,bgrewe4t,Benjie,Grewe,M,1295136961
e9038d6d-b98d-40be-8f81-b35e754be749,,lprosh4u,,lprosh4u,Lisa,Prosh,F,1295136961
50d18125-ee1d-43b5-b69b-74537ef1ff0e,,lkits4v,,lkits4v,Lind,Kits,M,1295136961
1809024a-e05a-43bc-8c2d-a8d20a29ba64,,ggini4w,,ggini4w,Gregor,Gini,M,1295136961
e715eae8-0001-4193-819b-09749658aaff,,tgeroldi4x,,tgeroldi4x,Tawnya,Geroldi,F,1295136961
7921e44e-743e-4153-8a35-cee4ecb2a99f,,pbomfield4y,,pbomfield4y,Philippa,Bomfield,F,1295136961
728f285a-d2fa-477e-945c-70c528f3c9a2,,nbarham4z,,nbarham4z,Nicolas,Barham,M,1295136961
30767231-f1da-4358-bdbc-7d2af3c946de,,spadson50,,spadson50,Selig,Padson,M,1295136961
39edff46-73b7-4a7f-adb2-f5d2a699eb6c,,ldownes51,,ldownes51,Lizzy,Downes,F,1295136961
517e6c36-313f-4cb7-b4d5-29ecb64e9e83,,tlangmuir52,,tlangmuir52,Tess,Langmuir,F,1295136961
ab68fd31-3d65-46e7-8780-953f659b3de9,,skeates53,,skeates53,Sonnie,Keates,M,1295136961
f51c6dea-5a46-46da-8402-acadc4637bc2,,sfinicj54,,sfinicj54,Stu,Finicj,M,1295136961
fdfe0ab6-e5a3-418c-84c8-9325316f0234,,kdundin55,,kdundin55,Katleen,Dundin,F,1295136961
1fe0776b-d853-46d6-af9d-898b3ac2e977,,fwigginton56,,fwigginton56,Franklin,Wigginton,M,1295136961
77770ba1-27be-41b4-aa70-caa69ab40545,,dbonnet57,,dbonnet57,Drucy,Bonnet,F,1295136961
0ba37a2a-7117-424d-affc-dbbfe4233b30,,fturbefield58,,fturbefield58,Faulkner,Turbefield,M,1295136961
e43e80bb-5da3-4197-9b99-b1e731482032,,lartz59,,lartz59,Lindsey,Artz,M,1295136961
e9fb4989-c287-4084-8377-01b05b9f5695,,mrowledge5a,,mrowledge5a,Misty,Rowledge,F,1295136961
417d2507-c645-443f-a0b3-bbbd20f04e19,,kbecken5b,,kbecken5b,Kile,Becken,M,1295136961
d04da27a-dd24-4c9a-8a5a-0743bd57abf1,,aplues5c,,aplues5c,Alix,Plues,M,1295136961
2bdefc78-4d83-4921-9624-a767f62e9755,,ndutson5d,,ndutson5d,Novelia,Dutson,F,1295136961
533aa793-946b-42ee-b8d7-ebf5b50a06f8,,nduiguid5e,,nduiguid5e,Netta,Duiguid,F,1295136961
9d73bf77-23e4-4a23-b5ed-3cfebd500d98,,achatell5f,,achatell5f,Andrea,Chatell,F,1295136961
a906a251-e8a7-47f0-b2da-08ac9c80cbee,,mmarshall5g,,mmarshall5g,Minny,Marshall,F,1295136961
73813198-3ae8-4255-b5c7-3666daad156c,,tfirbanks5h,,tfirbanks5h,Traver,Firbanks,M,1295136961
a5eb28d8-f755-4fbb-a10e-e38752fb7032,,ishinefield5i,,ishinefield5i,Isa,Shinefield,F,1295136961
fb6bbb33-d25f-4d1e-b0c6-38fb8eaa045b,,ppirdy5j,,ppirdy5j,Pierre,Pirdy,M,1295136961
