NODE_ID,VENDOR_ID,VENDOR_NAME,EMAIL,ADDRESS_ID_NODE_ID
d69985f1-7c8b-4270-a255-8a4b4d63a858,Sylvia,Huckle,shuckle0@wikipedia.org,358f33a5-1a58-4717-8044-d04b11fd0d36
c3938992-4914-4142-9980-767f2db31059,Sibyl,Choake,schoake1@arizona.edu,cf09dff6-b900-4840-b5bf-0d118c417611
87b41f24-f122-43c4-aa92-116bb6974564,Demetra,Dericot,ddericot2@phoca.cz,3747d5dc-6cc6-4370-b3bb-f24b44fc62e3
9c7e0e0a-a1a5-4010-a964-baace7997e42,Maxim,Blackall,mblackall3@yolasite.com,3ecae433-aa91-441e-b2ff-1fca907401e4
30891dac-e851-46a6-8e82-68b51edaf197,Minette,Sawford,msawford4@diigo.com,344238d4-9f70-4be8-8465-5e157bb3c968
9ac604d6-d545-4662-b087-64ee547e5e37,Bathsheba,Smellie,bsmellie5@google.fr,5b541760-2cf9-453e-b382-16a37a4025be
a9ec2e33-3113-4543-b9e2-d3ba4d0e0cfb,Bram,Stoaks,bstoaks6@tmall.com,de7a8b35-3152-492c-8adf-dca7fa18e303
d4cc615f-1273-428a-86a4-ac1b18fe1400,Dianemarie,Souttar,dsouttar7@cbslocal.com,560959bc-c955-4b1d-a1a7-592910b1864d
6702cb38-c1f5-4e2c-a9bb-b8a1eae2a5d4,Rosemary,Derisly,rderisly8@thetimes.co.uk,4edd6258-72d8-4c28-adfa-f7dec1537d4f
18897217-dd97-41dd-b1c9-54b48aa74e4a,Burton,Kirke,bkirke9@nsw.gov.au,75d7add6-a3ff-4875-9f45-afb8e2a57d92
1b346e53-c81b-4c99-9ac0-9a640d63d4e3,Martguerita,Preene,mpreenea@cocolog-nifty.com,09e3db60-41b8-4558-8b43-a6c998d5408c
f3ace6ef-715b-4649-a28a-f65f617ccc91,Flss,Reddan,freddanb@mozilla.org,96cc41ef-856e-4abb-b636-24e972b08309
0b893187-a8ea-476c-afb0-cb43909ef73c,Pate,Aluard,paluardc@nytimes.com,c01fe37b-a2f3-41cc-89ab-efb01a242a62
6d58f9f9-4b8a-4295-84e6-f2c2781d8f6f,Joli,Mabbett,jmabbettd@list-manage.com,18862b1d-646c-4a8f-8278-8524d2b562f0
4298c863-a07f-4079-9a41-1d4fb182f134,Noelle,Straun,nstraune@spotify.com,c29479fa-94ef-4233-adab-b2f262de9fc9
5e8d620a-5758-4792-a186-889a63294e39,Vicki,Salliss,vsallissf@qq.com,539bc658-e407-450a-ab74-c581bb059f81
c3d745f9-638b-432a-a263-8e6ffd3749e0,Clayborn,Kmicicki,ckmicickig@home.pl,90ca5bd5-0c81-4bc2-bdaa-2fac405239c8
2f0d8e71-9914-4879-b8b6-d93a37629433,Carlota,Shellshear,cshellshearh@hatena.ne.jp,4298e1a4-0be8-4199-9832-8cc91c35a588
b549dd99-f50c-4ff5-81dd-d94fc8b7e910,Eugenie,Woolward,ewoolwardi@deliciousdays.com,52d29103-63ad-4cda-a7e2-a9b2e505accc
0a98a99f-a90f-4439-9541-33688c7e8993,Hope,Spaice,hspaicej@mit.edu,27b706b7-ac6b-4d76-acaa-3478ff043d38
5daefe14-6024-473e-a1f0-28e59b562111,Rhodie,Coatsworth,rcoatsworthk@disqus.com,c1b85721-70da-4416-8cb1-dee1669287e0
508435c1-8143-4a0f-aa72-b9484cee4444,Pyotr,Wallbridge,pwallbridgel@nbcnews.com,af399cbc-2bc2-44fb-9568-e0bf4fae3f5c
cca7a5cf-1651-42b6-b90b-dbfe2a63215f,Cullie,Wainman,cwainmanm@cornell.edu,64753c8e-b753-4724-9b9e-81b8529e86ce
fde094d4-caf9-438d-b697-2cfd5c7f2ffb,Wilmar,Christal,wchristaln@hibu.com,1800c7f1-261b-4626-b541-957af5cf0345
c2127362-69e4-43bd-971a-c2469f8481a6,Shay,Byatt,sbyatto@nyu.edu,8dfbcc82-890e-4be3-b97e-09d704ae4512
daa31a6b-8008-48f7-b600-8b0f5a0fb3f1,Arvin,Bordessa,abordessap@dropbox.com,cc1acc74-eae3-4838-b7a9-636de192b29f
568e6749-41ca-492d-b57e-a6693ff202c2,Joyann,Huguet,jhuguetq@infoseek.co.jp,4b60945b-5273-4d72-84e2-59c15ad30e2d
71dd1783-91bb-4ceb-b060-9e421bc669c5,Sosanna,Dunston,sdunstonr@dot.gov,c5a75311-4872-4dae-8a4d-fc912d9d54e1
be309c69-5a09-489e-af7a-7cc16b8717b8,Bald,Theis,btheiss@homestead.com,1bcebfc1-6df3-4938-b945-0b1a17d6b206
6e44644c-3d27-4d3b-8894-2f6c94781cc9,Hugh,Corking,hcorkingt@discuz.net,1a492e9a-96a9-4fa8-a8fd-42022e211b3d
a9a55ac2-7cfa-4e02-bd8a-62ba5213b5fc,Katherina,Noot,knootu@wp.com,b575d202-037e-45a4-bc18-f3301ecc20dd
d5c17d6e-089a-4766-bb92-5442af497b13,Uriah,Casperri,ucasperriv@biblegateway.com,759b49aa-7ad1-44d2-ba6c-b555da4317c1
5d8047ff-9fb5-4a62-a433-0bfd9923f87c,Stevie,Grene,sgrenew@irs.gov,8f432c6c-6029-4e41-9e60-86fb781d6f41
e568c9fc-dbd9-4928-95f9-1b7765db5ade,Sheba,Hauck,shauckx@globo.com,bf3d8496-4c63-4c7b-92bc-57aae541edec
b7d098af-41fc-404c-af33-460035dbad04,Anni,Buston,abustony@businessinsider.com,1a78e6de-8cb1-49d9-a710-98301b8e7531
6c7233ff-c605-4bc9-89e8-182b78045c88,Colver,Cowser,ccowserz@stanford.edu,989313a5-f147-4480-b654-9fce0b658ea1
176e7c49-c904-4f03-b92c-1564eca0a706,Missy,Robbings,mrobbings10@imgur.com,386cbcfd-4b9f-4f09-a9ef-87489c86b052
4870ffc4-7f3e-4e5b-86da-189a8428f502,Alix,Nicely,anicely11@uol.com.br,ad1857e4-6a15-4927-a57e-e9e850555f8d
02c67605-aca2-4197-994c-54a61f02c224,Val,Everill,veverill12@phoca.cz,75b9075d-efde-44fc-af58-324d10970bbf
2709d652-4984-4ecc-bd4e-835500ed8349,Gilles,Leah,gleah13@histats.com,4504a1d1-3949-477c-8798-9f556212c2b7
daa6114e-4487-4799-917d-bcf23d0ff4dc,Garey,Stickford,gstickford14@wsj.com,e49ed5bf-9f1b-4dfa-8ecb-83350b0b4fec
e941035a-e727-4e09-8ae6-327a6ff19e20,Giustino,Trevor,gtrevor15@answers.com,9405ebe0-5913-4087-91eb-0353e6598ef4
a995fe05-ded7-4e19-9378-73868cc7e248,Jessalin,Casone,jcasone16@pinterest.com,773a7689-f370-489d-b7de-4a47396b788e
3cd2344c-be36-4bd0-bef7-9926afd6a07c,Sloan,Gadie,sgadie17@sbwire.com,96cd997c-05d5-459a-be0c-9d1c146d3183
4dfe4f56-0a4d-407c-a59b-2566da6284b9,Rhianon,Dobbs,rdobbs18@ca.gov,838ee9f8-0ebb-4a57-b0be-683ed7b4cbbd
6809b337-b8fc-4299-920a-25e6c53429fb,Cristina,McPeice,cmcpeice19@miibeian.gov.cn,ef1d3945-e74c-4190-af61-1ca1fbdd4e72
0176e812-8f1d-4a95-b935-6f97a450a220,Aharon,Palphreyman,apalphreyman1a@dell.com,93e5545f-1f3d-4fb7-bd72-5a0b19c5816c
b6578471-5052-464f-af5d-ec8541f3409d,Chiquia,Carnduff,ccarnduff1b@prnewswire.com,898412d8-f636-47d4-ab41-102e43131ee7
f12fc147-f183-47d2-85d3-1351bbdc6049,Lilian,Kupka,lkupka1c@google.fr,fe7da8d5-ee4c-4735-896c-e8f26e49bd63
3c94810b-03d2-47cf-a4de-61e6c82529c1,Walliw,Kebbell,wkebbell1d@gov.uk,1bfecc23-d4ed-4a73-9e14-e5707a1ec666
06e2b77a-4133-469e-b333-5dd5a6d772d2,Richy,Tesimon,rtesimon1e@nba.com,4f00f2e9-487c-45fa-8f69-276137729d5c
e738ce1a-4dc6-4f0e-a5be-a815467889e7,Barnie,Pyrke,bpyrke1f@wordpress.com,cacf0337-0a3f-4f8b-b877-d130d5268ba6
4d198ba9-1fa5-4a02-bf4f-900e65fcbbd8,Meade,Whaley,mwhaley1g@infoseek.co.jp,06c53801-6fe5-457e-80f0-4a5c0eec9d6b
bc2edab9-7980-46e0-9c15-39c9cfa24051,Cathie,Killeley,ckilleley1h@google.com.br,954ab85b-1977-4612-a233-232d06730142
f89f659c-d80a-42a5-89be-fca06f25b93d,Ash,Nigh,anigh1i@jugem.jp,7f6cc351-3a01-4fe0-96b9-bb95291674eb
5949e5a4-8802-474d-b8cf-27bb567da15f,Delmor,Jacques,djacques1j@blogger.com,45611f83-5ab7-482f-965c-480db775337b
1a03def9-3d5e-43c6-8a38-2680a8087782,Catlee,Tungay,ctungay1k@jugem.jp,7db21ea3-cd8f-4740-8e7b-c01ee88b4572
e7c93d6f-8498-49fe-a27b-e2274379a4f5,Tallie,Laxston,tlaxston1l@shutterfly.com,63e5ebd6-a702-4d59-8522-055817524d1c
a01b6f85-1c01-4bf3-9a5a-237c20f1dab9,Field,Scrivin,fscrivin1m@telegraph.co.uk,8b39c256-8ffe-4a68-a7e6-27099faab180
25866a71-be1f-416d-a9a8-4adce402b5d0,Farlee,Corsham,fcorsham1n@fema.gov,d7f55f58-75ed-43bd-9b29-f1c18071bc51
09e4da48-e086-4c1c-a142-6983aedc1184,Pascal,Nickless,pnickless1o@4shared.com,05ca4cc4-b9bf-4ae2-857b-2bd9ec7de8b5
4a6e0ff4-e1b3-4d76-8fcc-30eb6d67d5ea,Israel,O'Gaven,iogaven1p@springer.com,125297df-19eb-47b7-b666-d9fb253acd33
b0a482c0-c7a3-4f5d-b137-48497c702235,Margaret,Freiberg,mfreiberg1q@tmall.com,0ea1f95a-a58c-4c76-bbc4-6e3188a39f82
a8e1bd2e-1b00-4cbd-b5cc-f165a892c7ba,Scarlet,Waiting,swaiting1r@tamu.edu,fd284323-d82b-4449-81a5-1e8c0483dda4
26f5e9e3-a1a1-46b7-9c09-7053833f4def,Valencia,Doget,vdoget1s@acquirethisname.com,29b06440-93ce-4daa-8ee1-11485a603e0a
e06b5563-5244-4a94-9ded-ac79e741c78e,Gayle,Pahl,gpahl1t@alexa.com,0d4d9932-56ae-43c0-b905-da8fb4b80649
dae6e7b6-7166-4b55-a023-a9795b54b2e4,Levin,Mityakov,lmityakov1u@europa.eu,d9cd82d5-6218-491d-b901-c58a9455b6ef
f7574132-ba53-4a80-990e-9984956e739a,Clarey,Ford,cford1v@state.tx.us,c9955ed7-5108-4729-8801-c5cabc45d9c9
acb2de03-f6a2-4ca0-8e29-ae9b1750797c,Morganica,Hould,mhould1w@nps.gov,88dff2ba-1c2c-45c2-86ef-83c41514083f
d7f756fb-556e-4bf1-b50e-6923c7867268,Fin,Dawkes,fdawkes1x@youku.com,b64b8c62-dec7-4516-9484-940bfacb699c
3483967d-8ee9-4d01-8530-58cb6ae4bbc1,Imogene,Gryglewski,igryglewski1y@indiatimes.com,84cc7bd3-f437-4d06-a5bf-1f23c4a51fd8
2d674af5-91d6-4579-bb27-f0e059b151f3,Barth,Heggie,bheggie1z@usnews.com,0205d6ae-8e60-4c01-bc27-281b6eb1a232
dad0c15e-c14f-4789-a503-b2c53a996f0c,Jerrilee,Arrigo,jarrigo20@nsw.gov.au,a1072603-00ac-4443-ac0a-edcf20903715
45e8810f-cd6a-4f4e-a030-680aabeac6c4,Donovan,Glynne,dglynne21@nbcnews.com,3edec454-3df0-4950-9c93-b2a25e8122f2
8d163cee-0e57-45dc-b04b-3e6c816e8a6e,Athene,Penburton,apenburton22@w3.org,59fc4ae6-131a-4104-bb2b-a16fc1346fa4
e1e38f44-e670-4ab1-9d1e-40bf232073a7,Darlene,Southard,dsouthard23@etsy.com,9a3aec9c-2fce-457b-b077-668a58ab6712
eb01dfe5-6379-446c-b43c-f9edc9b0c220,Uriah,Wallege,uwallege24@senate.gov,ce4cabb3-6549-4cbf-896f-2b14d2def0e8
c8e4f4c4-2ff4-4407-9712-de0bf0db6f48,Shell,Axelbee,saxelbee25@skyrock.com,747090fd-22e9-4497-8341-9d79361722ea
2c33a0c4-7921-44ed-84fa-32694055dee4,Dolley,Macey,dmacey26@naver.com,bad50d60-d8f9-4f00-b3f9-92389955a8d8
5d9abb62-ed9b-490b-bf51-3e33f33ae1f9,Elaina,Fitzhenry,efitzhenry27@hostgator.com,4b80c709-d160-4a37-ab64-4e0923128bc1
dd79efb0-2a8c-4907-8e75-1bfb28af4fa1,Adeline,Heball,aheball28@4shared.com,b3491324-2a99-4bdb-b81d-5c9b4346b3fc
b5f80037-612b-4a02-9871-a44b10ebdc9c,Constancy,Childs,cchilds29@smh.com.au,3650420f-fd46-4804-bd8f-214b399d3a33
be2e0774-8d26-4792-854e-68224d9a5ae2,Barry,Blackhurst,bblackhurst2a@desdev.cn,6556da09-334c-4a3a-9af8-2f4953fe8325
b257b152-b80b-4b3a-9e53-ea4838ac241d,Kendal,Emmins,kemmins2b@github.io,6a01de07-7d9d-43ee-9f7d-16aac6d85830
ef66088e-15d9-4ca2-b458-cdd971097b73,Bronnie,Lebel,blebel2c@guardian.co.uk,c2bab556-de23-4a07-8e12-f0a761ff469c
cc1206c2-f5b9-427e-b13f-47aeecb70389,Danya,Jacobsson,djacobsson2d@pinterest.com,39ec99fd-d29a-427f-ac4e-b2f75cedf6c2
8fb9d8db-0da7-4954-bf7f-a532ca36a463,Kerby,Tavner,ktavner2e@pen.io,820dfc03-427c-434a-8065-126007c775b9
ed23e940-45ec-42fb-a591-650fa14d3cad,Noni,Taylo,ntaylo2f@hugedomains.com,4a46b494-10ea-40ab-99a8-a9fbaffc7da8
53e2eafb-6e9b-40f3-995b-5898b881c61b,Barron,Nettle,bnettle2g@berkeley.edu,09bd738d-665e-4b25-af56-5c0ddf3da62e
43996752-a070-485f-923f-a6d95ee86a68,Bellina,Joscelyne,bjoscelyne2h@booking.com,dd902a49-78e7-4b6a-bba0-bb7341e9b6a4
f4ea962d-a6c2-409b-b52d-5afaadb52e05,Gypsy,Ilyinykh,gilyinykh2i@ft.com,610c4f26-3184-44d8-95bf-430c63080277
cc4df60d-279f-4bc2-a9c9-d7d3d1a18110,Oriana,Edden,oedden2j@shutterfly.com,bfad5cb8-af9c-43f5-afe6-254b66717a88
f17803ce-ee0d-47fa-913d-8164c5776942,Lockwood,Gabbot,lgabbot2k@dagondesign.com,2f666b92-24c3-4089-b065-9587809feb58
96425e4c-cb13-4deb-9047-f8c861b03379,Christian,Wernham,cwernham2l@desdev.cn,949cfcc4-070c-4c4b-a25f-26dca88a4e11
8094fc6b-7b9a-4eb1-9ba4-6ce001d914cb,Rosabelle,Buxcy,rbuxcy2m@booking.com,9cae689a-5e61-4979-820b-bb09f8845ac0
514274f5-025b-48e9-b551-ed3c28c0e666,Gabriel,Gladdis,ggladdis2n@bandcamp.com,eca85de0-7bf3-4540-bd96-89a8a7c3f835
8a15bb2e-8f72-495e-8460-31e29cb2ed11,Sylvan,Spratling,sspratling2o@soundcloud.com,22efe592-6fd7-4ae0-a20d-1be295cc4fef
193daa02-5f52-4a1a-85b0-e28328b8a7d8,Abran,Sloley,asloley2p@dmoz.org,979532db-e95e-4827-b8b7-426ddaf97a7a
9c715b63-f1c4-49d5-a631-03fdd6a09598,Devlen,Ratchford,dratchford2q@cbslocal.com,d6606621-6586-47da-986f-de943daf56f4
f25a4b78-8763-45d1-84fd-cc362880c2c0,Teresina,McGall,tmcgall2r@diigo.com,61595121-e4fd-4905-9c7e-1fb9862e0698
9c55cffb-1b7d-401d-81b1-7319d9407ec8,Prudi,Billett,pbillett2s@latimes.com,2e99c81f-fe01-4581-8126-dfaf7de2c2f3
d6b5273b-1936-48a9-97a7-905ec9eb2375,Tracy,Campkin,tcampkin2t@pbs.org,88b995c7-4d36-4a8a-bcf0-466b5194ba0e
956c7cfe-08f6-42fe-b7db-8edb923145c1,Doris,Agney,dagney2u@shutterfly.com,1f5cc525-e671-4dcb-8a04-29b3cfbd3458
db10dc7c-f5ff-42ed-92ec-e74979280ac0,Zulema,Emlin,zemlin2v@amazon.co.jp,db67fc6e-9529-4899-9178-6300672cb543
5ce16f53-6b34-42bb-a5eb-b17aa305904f,Lyndy,Jagson,ljagson2w@latimes.com,f005ea45-578b-476c-9d6c-58dd752e54b6
9ded3b16-3597-4fba-8147-2f5add0e1391,Willard,Garratty,wgarratty2x@tuttocitta.it,d9286a7c-e7b6-41ac-9109-8bc22837fda7
13d050ee-054c-47d7-90bc-ddce434b24ce,Boy,Handaside,bhandaside2y@wordpress.org,e423de2a-cc6c-407c-b176-c1ec671c2bbc
cf6dcfe7-eee6-4e6c-8a8a-e5573040c323,Colby,Borles,cborles2z@vinaora.com,01c807de-6afb-416f-b282-5cfa072162b2
1ba690ae-45ed-4976-9816-a442d4f3445c,Lisette,Wilcockes,lwilcockes30@macromedia.com,b6afb170-0c38-46fb-b3b5-ce96d013864b
a45d5f66-1d37-487d-b643-1bec97e52c2f,Frannie,Brach,fbrach31@squarespace.com,dc53ddbd-4aba-4bd8-a184-4f033799982f
4ec7994e-bfbc-47e1-a354-30d128c1ddcf,Brander,McGennis,bmcgennis32@goodreads.com,2e396365-89d5-4169-a255-9dd3057b2baa
b62f0239-0e1e-4a4f-abf1-21a8fa8b9e48,Krystal,Ortsmann,kortsmann33@yelp.com,3b08f003-f0f4-4ecb-82f5-bc77e150c176
b308e6f4-7eed-4cc2-961b-54674dfa366f,Vern,Dimelow,vdimelow34@sfgate.com,e29829d3-24f1-43f1-9452-57f1932a75f1
9fe6c95c-73fb-430f-a4c5-346de7b58fa4,Any,Dufty,adufty35@theglobeandmail.com,009268e4-62db-400d-89c1-f2b2d3730352
61516006-b735-48d1-b586-c36349bc7c7b,Hilliary,Jarratt,hjarratt36@apple.com,90ad11e1-1167-4a3f-b520-514d64c8e440
a5fcb015-64e1-495d-8d5b-e62b17764158,Heida,Shelly,hshelly37@ezinearticles.com,7b83078b-b3ea-4cc1-84ca-f14392b61aac
f757a5e6-9ce8-4123-895b-f3d29be08c9a,Danya,Sandwick,dsandwick38@java.com,509dfa65-d284-4c85-b0c0-908db83df761
82ad4150-39ce-40ab-9006-3b32fbea5375,Michaelina,Buglass,mbuglass39@yahoo.com,d3cff2d9-8d8f-4361-a060-bef992293493
ffd80e9c-fad3-4f2b-8ee2-3a04dd36bb6e,Leoine,Lyver,llyver3a@admin.ch,0d4b7648-2b4e-46ec-98d5-37e00478f839
068f1437-5b5b-4a91-8d57-924e28a37ee7,Angil,Vasilevich,avasilevich3b@prweb.com,bf452c8d-8222-44ad-89bf-1424f4e05e38
edf68e15-4da4-41a1-bae3-48e66e202bd4,Walden,Guilfoyle,wguilfoyle3c@skype.com,6e5b1ae7-38c3-4109-9878-971f1ab60391
e15dc172-f5c4-4a6c-a282-fe89001ae11b,Agnese,Gurley,agurley3d@google.es,56250259-54ef-4394-b67e-31a1791e1c29
e22fc6cd-4467-4025-a5be-630ae7ab5d1b,Tudor,Peregrine,tperegrine3e@unicef.org,2842aa5f-c8b4-4d70-8783-3fd5eb6bf938
8e4626e9-5de5-43c1-8c12-7c2532fa4e52,Marsha,Bartelot,mbartelot3f@youtu.be,54ec5528-2e4f-4526-9060-531d0ecd8617
de568ec9-7209-4108-9635-fc4e3854a7ef,Eran,Guitte,eguitte3g@vk.com,36385e5c-e266-4b5e-bcdc-e6be54e3006b
7ce8d0d8-9809-4c99-9b9e-ff09ba2ac6e6,Gualterio,Ashe,gashe3h@rambler.ru,12fb8c6a-319d-4d59-b1bd-6632904637e0
ef9dbadd-b3a8-4b2b-a8a3-907d8c63e447,Libbey,Dilston,ldilston3i@hostgator.com,c2f229b3-0e6c-47bf-8fef-41b18e616158
15790e48-9009-4b99-9b08-b9ee6734e1c4,Ruthy,Awcoate,rawcoate3j@virginia.edu,983269de-07d3-4c6d-a132-39a3ce1e74e4
5fd0c472-3b3f-4189-a3e0-6542b28875da,Alastair,Foro,aforo3k@java.com,1b415a0f-8194-4e29-8e6b-db58ec3b4301
1cd5cc2a-7c55-4e24-910c-5d60fac410d0,Dyanna,Winfindine,dwinfindine3l@lycos.com,581ce715-7f39-4e6a-b876-3a31d1b81660
265cf33d-530a-44d6-97bd-c309bb7ea055,Natty,Wisdish,nwisdish3m@usnews.com,ebbbc719-1437-457b-a15e-ce8fcec02c44
8f245420-f8fa-4adb-855d-5a62870f80c7,Adelina,Fidgett,afidgett3n@ucsd.edu,e1728e94-17cb-4143-afa5-c09dc2ea8022
87a8adbc-0f82-480e-8848-d6b6f2de2458,Avrit,Glasner,aglasner3o@miibeian.gov.cn,ca64d46b-ec47-4189-a3d4-9142760db452
742fa76a-e913-4fb0-9031-87b09354b068,Freedman,Gutsell,fgutsell3p@123-reg.co.uk,d87520d3-3fcf-424b-b2a8-1502dc725750
44717c4e-8012-4b44-af88-05f29981f8e6,Eartha,Featherston,efeatherston3q@gizmodo.com,c83faeac-6657-4a9a-8614-27f4502faea4
6f109014-aaf7-4eab-9bac-28c8710d88b1,Gilda,Naton,gnaton3r@dmoz.org,965d7bb0-908a-4a4f-9af0-5bf2ece1ab20
233f4b17-2464-48ce-a069-6fa64169d8f5,Merline,Eastmond,meastmond3s@answers.com,712d8f79-8c44-439c-8308-81797b73ee66
57b5be1c-1b57-468e-a125-be39e1ccb6c1,Cal,Bellam,cbellam3t@ask.com,de7e0585-f415-48df-b81c-49c1e6377fce
5796d6e4-0f68-45b6-9da7-0d87d78fedd4,Avril,Cona,acona3u@ning.com,081fe03f-e0c7-4e11-87b6-9aad4e8b7329
89e66efe-8e6f-4c92-afd6-c6fe8731d9e1,Leeanne,Olivelli,lolivelli3v@altervista.org,72748587-9c70-4c91-b1af-6558f466ff6e
62480ba1-bf47-4033-8dee-5012df8767d0,Cosette,Swiggs,cswiggs3w@homestead.com,ac89d5c2-e19a-4027-aa48-9fc114570940
02bda20a-af63-4cc4-b472-db6d5ecf6684,Lolly,de Nore,ldenore3x@webmd.com,3f29b78e-8266-4dec-8c2a-0704a83e19ce
7e37d642-e56b-4016-b485-84c62af71890,Elbert,Wyse,ewyse3y@japanpost.jp,4a40b6f7-b3db-4ee6-a6ba-0f88a4b7b535
d5b277f5-d83a-426b-afa9-f5dc9c952950,Andriana,Tregona,atregona3z@facebook.com,b9c05c3a-1625-47ee-a029-6e179e21fed5
252bcfa3-9c70-40d3-8795-00be4cf8b6b7,Cecilius,Lunney,clunney40@paginegialle.it,1a12d0f4-b51e-47b8-878d-7f0f0b127361
2a37c5be-26be-41cf-8817-d43a5807e3f4,Mathilda,Hewins,mhewins41@netvibes.com,3013e826-0c75-409b-abe0-1dbad5b19dec
4005eaac-c919-4a38-b6b6-c580b3f72596,Thaddeus,Bew,tbew42@unesco.org,a23082cc-5c7f-4067-8b93-3793d619bc0b
54352dc5-96b7-4185-ab00-4b7263577fb4,Udell,Ferrelli,uferrelli43@skyrock.com,7fbf293c-cd91-4997-8461-02f5390a9a03
5906404c-4360-4198-ae0d-bef709db2326,Selle,Constantinou,sconstantinou44@nifty.com,702dd8fa-cab0-47c6-929e-2f088a009fd2
8efae320-538b-4c77-bd5f-31b85d5b12a4,Archambault,Venediktov,avenediktov45@simplemachines.org,28579420-a5db-4726-ad41-99373d51cd4a
c1bc1878-219c-4aea-a42a-08138c2607bf,Ileane,Linklet,ilinklet46@livejournal.com,aa775b01-8b58-444d-9ad2-b5361a6db165
b1b050f3-6ce1-4775-b297-ddef7d51fcaf,Burgess,Portingale,bportingale47@uiuc.edu,f335acf2-61d8-4d9b-ae1d-cceacf292c47
a69b6b6d-b667-4743-9f2b-2c160276f16b,Jameson,Resdale,jresdale48@si.edu,86ab8366-c242-48f7-91c5-3964b0b7a692
bef0b482-b7d7-4d5e-8746-8fffcee0508a,Meryl,Custed,mcusted49@diigo.com,8b5b7f7e-97c2-41e5-beb5-c3faac7f3dc6
bbf8aa40-024b-42eb-94d1-d3c5ead816b5,Rodi,O'Rodane,rorodane4a@goo.ne.jp,a7c45f80-5cff-4555-8009-c6f6dec2ae46
f3d7b4a3-45fa-4bf6-904e-c3e15c09d479,Siana,Darth,sdarth4b@constantcontact.com,1edec9e2-ecd3-42e3-83a2-282863dcb0d0
769974a4-9ef1-44b6-9ba4-967533f9db1c,Ethelred,Ferrotti,eferrotti4c@multiply.com,91994c54-6a77-4ed4-85ec-c6269c8c4d4a
f0a887f0-4501-41d5-90a8-dfa4028040f5,Vanda,Popelay,vpopelay4d@yellowbook.com,0759d1e1-e263-47d6-9a7f-aace4621f59a
ac9e9aef-9341-43b9-9011-dc94adbae515,Pinchas,Houlson,phoulson4e@google.com,c7e9625b-5d90-4980-99f3-d73bf5fe11c7
239bcacd-b2ba-4ca0-ba81-60ba3d15e87f,Fitzgerald,Wippermann,fwippermann4f@imdb.com,e3bee7f2-6c7b-4cf6-9ab2-dae60ae091a9
cac14e86-2a78-4884-9347-09f511074f0f,Carmelita,Thurman,cthurman4g@toplist.cz,f6abaf26-a897-4009-814b-fd5bdc1d5802
ac714ad4-dbb3-4946-bfcd-40a32f210e04,Shay,Bratchell,sbratchell4h@freewebs.com,f64f5a40-221e-4712-a801-18675c8edb02
8e4940c5-39f2-419a-9155-97d9d480ee1a,Thia,Rook,trook4i@dot.gov,a95a0194-8041-44e0-b1b6-75eacd9a9d8c
3a7befa3-b912-4fcf-9a51-e29d28de0f38,Fayette,Godsmark,fgodsmark4j@hc360.com,66970606-dcb8-4656-b49e-99019fd6ad60
592ce218-0162-404f-8464-863c6e9d34ba,Leone,Holburn,lholburn4k@ted.com,7a6b2365-bc86-4035-806b-34a2941664c4
f723ab90-197d-42d9-ac78-9c787f6ef0a9,Teriann,Varnam,tvarnam4l@redcross.org,3c3f3333-cf5c-490b-ac6f-3350339873f3
21275cc6-6350-4676-acaa-acd5e940ce0e,Riley,Thring,rthring4m@webs.com,1f17caa5-cf63-4dee-b95f-b3ec53bc5774
154d06e1-539b-4937-b75f-8b6c8d9f9b38,Nick,Veel,nveel4n@geocities.jp,c96299d0-3994-4ae1-9990-c77cdae78f41
ae9fe5c9-8580-452e-835e-193d6990c9b6,Jorgan,Kidstoun,jkidstoun4o@biblegateway.com,714ae6b6-06ad-446e-b3d6-82b36963eeb0
b368c202-7aaa-40e0-a9e8-46142ea23bfd,Gilbertina,McGonnell,gmcgonnell4p@odnoklassniki.ru,06e72acd-c672-41c0-97b9-dac7fe8168aa
2b2f8533-62f2-4b3e-b0de-e60f40324380,Jobina,Pinder,jpinder4q@skyrock.com,639c9c21-3c83-46dd-9f88-6fdcbcf99e39
4f9f131d-822c-45df-ad24-9f67e4d5ff21,Jo,Pirot,jpirot4r@php.net,8b206b9f-cc4b-4e9c-8f2b-6e010e32cee6
1d551068-c99e-461a-bd44-c205033a76d2,Danit,Bonas,dbonas4s@amazon.de,8527d854-4b28-4761-b039-bff000736a9e
49f5ea73-8f4f-480b-a0a9-2c517565dad8,Gerard,Blackmuir,gblackmuir4t@aol.com,ea424fe5-cc86-4f42-b1c0-bb03c2e80326
485f1635-0fc6-4ebe-b995-6e3b770240c6,Raynell,Ply,rply4u@paginegialle.it,e37762b6-12a1-4428-bfa7-a2c3468d7a31
4458459a-de65-40c5-9689-23a969285e3e,Cariotta,Emsden,cemsden4v@miibeian.gov.cn,be105499-d5e0-4f0b-8539-9c17f25b9b8e
e4d64ed2-6c79-4b4d-b2ee-0782b89ca83b,Tiebout,Mablestone,tmablestone4w@deliciousdays.com,28ba89eb-ec99-4949-a3ff-584fb2dd0b2a
4efc1c40-79a4-466b-a919-d56b47084610,Reagan,Kenward,rkenward4x@wp.com,e3322b73-8584-4b76-a489-b2b978bd0662
19a021bb-d70e-41fb-a237-64df00c727ee,Dennie,Stitson,dstitson4y@seattletimes.com,0600914a-987a-438a-b78e-b036225c7bd4
be4fa449-f82d-418d-bfec-4731e83bb9f1,Jacky,Alejandro,jalejandro4z@fda.gov,7956d2e6-a8b0-4b63-91f0-95f35bf75065
a9bef074-bcdd-4280-89c7-a039c213d44c,June,Tonge,jtonge50@dmoz.org,6b9bdae5-9c55-4590-bfa4-b78a26b2c521
9eede178-f9bc-4c8c-8bce-979a5db17b3e,Ronnie,Loines,rloines51@youtube.com,e56dfba1-da14-4427-a4bf-76b1d0e89d0e
32b8611e-8e4b-462c-ad9e-ae8febaba999,Andie,Newark,anewark52@chicagotribune.com,98ce47dd-8a68-45a4-89dc-528acaf5dcf3
70f5859d-3434-4a81-a409-0c98283b7252,Fee,Nizard,fnizard53@nationalgeographic.com,20632bdf-9423-4931-afd9-3b3d859c6f2d
29ae547a-6f84-43b0-98f0-e27678c91adc,Aviva,Blas,ablas54@sciencedirect.com,49168553-d9a6-4e3c-be96-008baecaf092
a62d1c0d-7d06-4b0e-9ef3-a32c9fc8629c,Ynes,Moulden,ymoulden55@uiuc.edu,7935016b-78f9-44cb-9876-928f8a5cbf6e
c9c1f00e-7e5d-49ea-9237-0a979232fb54,Freeman,Osburn,fosburn56@feedburner.com,b01a7ea1-fe76-406d-be73-13abe1626418
4f343266-e411-4bd3-82e1-6646a5ba3e3b,Corrinne,Meneur,cmeneur57@reddit.com,32a5d291-cbe9-46f3-8e2f-d5d8b34ddb37
1b194bbb-c5ea-48cc-bb3b-a01de5f0564b,Nertie,Searston,nsearston58@t.co,ec519826-64e3-4072-92d5-cec2f5945f4d
a8644b06-4abe-4cee-87b5-262c545dabe7,Vicky,Hugin,vhugin59@pinterest.com,0ffd31d6-733e-40e2-9533-e0ce4c93da45
0a9f06ce-1836-4ec8-a803-3e9440bd4d93,Nils,Shelmerdine,nshelmerdine5a@shop-pro.jp,b602d1d0-3e17-4638-ab6f-c410862f1448
8f4db191-e33b-4a38-b600-e7d867ea2128,Milicent,Fidian,mfidian5b@goo.gl,a606ff67-fed3-4fbc-9f9a-85242538401e
09e45e64-e2de-470c-94c2-488f949ccdf1,Huberto,Wardrope,hwardrope5c@unicef.org,61f9a289-035b-4854-ad12-e113bfb89520
59c8b4f5-98ec-46ad-9638-b96bbf7e2240,Illa,Chue,ichue5d@economist.com,177df7ae-d035-47be-88e1-1c2185bd2585
ddafcc3e-ed1d-48b7-a5d2-484314587ad3,Marcelline,Rasor,mrasor5e@whitehouse.gov,a0144cd7-651f-4b08-8bad-a4becf9ba920
2954b878-4fbe-4522-8659-6e8c4016d06a,Amara,Lowther,alowther5f@house.gov,d5bef1cc-a9d4-4f69-8345-e9203d745cfc
b72a0a7f-6cb4-4a67-ade4-b649ca962d40,Stanwood,Laudham,slaudham5g@mediafire.com,2322f8ab-a26e-4fc2-b0f2-2f296fad54c7
a6402504-ce1d-470f-beb1-a3aedeae9ec5,Dana,Ellissen,dellissen5h@cdbaby.com,0d64e6f7-82b9-489c-a572-d44d9551e8c9
4256c1d3-c38d-40ab-ab99-8fb04823157d,Pearline,Tippin,ptippin5i@is.gd,deb780d3-984c-4e23-a43b-5838f22af41c
dd0d76ed-e109-4f1d-a409-eb121929e507,Emlyn,Cushe,ecushe5j@wp.com,3039a0fb-45aa-4f98-a099-f82c14ac595d
